<?xml version="1.0" encoding="UTF-8"?>
<project-private xmlns="http://www.netbeans.org/ns/project-private/1">
    <editor-bookmarks xmlns="http://www.netbeans.org/ns/editor-bookmarks/2" lastBookmarkId="0"/>
    <open-files xmlns="http://www.netbeans.org/ns/projectui-open-files/2">
        <group>
            <file>file:/D:/dev/UAS/JavaApplicationUas/src/javaapplicationuas/buku3.java</file>
            <file>file:/D:/dev/UAS/JavaApplicationUas/src/javaapplicationuas/DataPenjualan.java</file>
            <file>file:/D:/dev/UAS/JavaApplicationUas/src/javaapplicationuas/Koneksi.java</file>
            <file>file:/D:/dev/UAS/JavaApplicationUas/src/javaapplicationuas/buku1.java</file>
            <file>file:/D:/dev/UAS/JavaApplicationUas/src/javaapplicationuas/buku5.java</file>
            <file>file:/D:/dev/UAS/JavaApplicationUas/src/javaapplicationuas/buku4.java</file>
            <file>file:/D:/dev/UAS/JavaApplicationUas/src/javaapplicationuas/DataBuku.java</file>
            <file>file:/D:/dev/UAS/JavaApplicationUas/src/javaapplicationuas/MenuAdmin.java</file>
            <file>file:/D:/dev/UAS/JavaApplicationUas/src/javaapplicationuas/buku2.java</file>
            <file>file:/D:/dev/UAS/JavaApplicationUas/src/javaapplicationuas/buku6.java</file>
            <file>file:/D:/dev/UAS/JavaApplicationUas/src/javaapplicationuas/MasukView.java</file>
        </group>
    </open-files>
</project-private>
